# Recherchierte, quellenbelegte MODELLSPEZIFISCHE Schwachstellen (Achtungsliste /
# Verhandlungs-Munition) -> weak_point-Tabelle. Ergaenzt v.a. auto-entdeckte Modelle.
# severity: 1=kosmetisch/klein .. 2=teuer .. 3=teuer & sicherheits-/motorkritisch.
# cost_eur = grobe Reparatur-Groessenordnung (leer = variabel). Nur belegte Punkte.
make,model,component,description,severity,cost_eur,source_url,note
VW,Polo,Steuerkette,"Steuerkettenlaengung 1.2 TSI EA111 (CBZA/CBZB): Rasseln bei Kaltstart, Kette kann ueberspringen -> Motorschaden; v.a. Bj. 2009-2012",3,700,https://www.autodoc.de/info/vw-polo-probleme-mangelliste-fahrzeugkrankheiten-und-schwachstellen,Kette+Spanner+Schienen 500-800 EUR
VW,Polo,Steuerkette,"Steuerkettenlaengung 1.4 TSI Twincharger EA111 (CAVE): defekter Kettenspanner, hoher Oelverbrauch",3,800,https://gebrauchtwagenberater.de/probleme-beim-tsi/,nach 2010 verbessert
VW,Polo,DSG,"DQ200 7-Gang-Trockenkupplung: Ruckeln kalt, Kupplungsverschleiss",2,2000,https://carwiki.de/vw-polo-probleme,"Handschalter vorziehen, Oelwechsel einhalten"
VW,Polo,Wasserpumpe,Wasserpumpe undicht (1.2 TSI/Cross); mehrfach ueberarbeitet,2,600,https://carwiki.de/vw-polo-probleme,Kuehlmittelverlust
VW,Polo,Lenkgelenke,"Lenkgelenke Polo VI (ab 2017): poroese Manschetten, Fehlerquote ~20x ueber Schnitt bei 6-7 J",2,,https://www.autobild.de/artikel/vw-polo-im-tuev-check-2026--28310671.html,TUEV-Report 2026 Auffaelligkeit Nr. 1
Mini,Cooper,Steuerkette,"Gelaengte/uebersprungene Steuerkette Prince-Benziner N12/N14/N18 (1.4/1.6), defekte Kettenspanner; Rasseln Kaltstart, Motorschadengefahr ab ~120.000 km",3,1090,https://motorschmiede.com/mini-steuerkette-wechseln-service-kosten-und-preise-fuer-alle-modelle/,Folgeschaden Zylinderkopf 3.000-4.000 EUR
Mini,Cooper,Turbolader,"Turbolader-Ausfall Cooper S (N14, v.a. vor 2009): Oelleitungen verkoken, Lager fest",3,,https://www.autoteileprofi.de/ratgeber/probleme-mit-dem-mini-cooper-7079,N14 vor 2009 betroffen
Mini,Cooper,Thermostatgehaeuse,"Kunststoff-Thermostatgehaeuse/Wasserpumpe undicht (R56 Prince), Kuehlmittelverlust",2,300,https://www.autodoc.de/s/mini-cooper-thermostatgehause-wechseln-kosten,180-450 EUR
Mini,Cooper,Einlassventile,"Kohleablagerungen an Einlassventilen (Direkteinspritzer N14/N18): Leistungsverlust, unrunder Lauf",2,,https://gebrauchtwagenberater.de/mini-r56-r57-probleme/,Reinigung empfohlen
Fiat,500,Dualogic,"Robotisiertes Getriebe: ruckelnde Gangwechsel, bleibt im Gang; Schwaeche Hydraulik/Nehmerzylinder, Anlernung nach Eingriff noetig",3,720,https://kfz-dietrich.com/blog/fiat-500-typische-probleme-stellantis-diagnose/,"Nehmerzylinder 480-720 EUR, Hydraulikpumpe 980-1450 EUR"
Fiat,500,MultiAir,"TwinAir MultiAir-Einheit empfindlich gegen Oelalterung; Verkokung Magnetventile -> unruhiger Lauf, Notlauf; nur Selenia-Oel, max. 15.000 km",3,1000,https://kfz-dietrich.com/blog/fiat-500-typische-probleme-stellantis-diagnose/,MultiAir-Tausch >1000 EUR
Fiat,500,Oelverbrauch,"1.2 8V oft hoher Oelverbrauch, Motorschaden-Risiko bei niedrigem Oelstand; defekte Thermostate",2,,https://schnelleautohilfe.de/probleme-mit-dem-fiat-500-typ-312-2007-bis-2024/,Oelstand regelmaessig pruefen
Fiat,500,Elektrik,"Kabelbruch Heckklappe (Bremsleuchte, Heckscheibenheizung); Zentralverriegelung/Fensterheber unzuverlaessig",2,220,https://schnelleautohilfe.de/probleme-mit-dem-fiat-500-typ-312-2007-bis-2024/,Fensterheber 140-220 EUR
Fiat,500,Rost,"Rost an Abgasanlage, Radlaeufen und Achsaufhaengung, verstaerkt bei Streusalz",2,,https://schnelleautohilfe.de/probleme-mit-dem-fiat-500-typ-312-2007-bis-2024/,
Audi,A6,Oelkuehler/AGR (3.0 TDI),Oel-Wasser-Waermetauscher zwischen Zylinderbaenken wird undicht; oft mit AGR-Kuehler,3,3000,https://kfz-dietrich.com/blog/audi-a6-c7-typische-probleme-diagnose-odis/,2.000-4.000 EUR; C7
Audi,A6,Oelverbrauch (2.0 TFSI),EA888 bis 2012 hoher Oelverbrauch (Kolben/Kolbenringe); TPI Kolben-/Ringtausch,3,,https://gebrauchtwagenberater.de/audi-a6-c7-probleme/,bis 1 L/300-1000 km
Audi,A6,Steuerkette (2.0 TFSI),"Kettenspanner verschleisst, Kette rasselt kalt, Steuerzeiten-Verstellung",3,2500,https://www.fairgarage.com/de-de/audi-steuerkette-wechseln-kosten,Kettensatz 300-800 EUR + Arbeit
Audi,A6,Multitronic,"Variator-Kette/Elektronik: Ruckeln, Drehzahlschwankungen, frueher Verschleiss; groesste C7-Schwaeche",3,4200,https://gebrauchtwagenberater.de/typische-probleme-und-haltbarkeit-der-multitronic/,bis Facelift 2014
Audi,A6,Luftfederung,"Undichte Luftfederbaelge, defekter Kompressor (Allroad/adaptive air)",2,1100,https://www.repareo.de/magazin/testberichte/luftfederung-audi-a6-allroad-reparatur/,"Feder ~400 EUR, Kompressor ~1.100 EUR"
Ford,Fiesta,Zahnriemen (Nassriemen 1.0 EcoBoost),"Zahnriemen laeuft im Oel; zersetzt sich bei falschem Oel/langem Intervall, Reste verstopfen Oelsieb -> Oeldruckverlust, Motorschaden",3,4000,https://carwiki.de/ford-fiesta-probleme,Ford-Kulanz ~1.300 Fzg DE bis Anfang 2018
Ford,Fiesta,Kuehlsystem (1.0 EcoBoost),Kuehlmittelverlust Thermostatgehaeuse/Pumpe; Ueberhitzung -> Zylinderkopfriss,3,1500,https://www.autobild.de/artikel/ford-fiesta-gebraucht-tuev-report-28257417.html,
Ford,Fiesta,Powershift DPS6,Trocken-Doppelkupplung ruckelt/zoegert; Kupplung/Mechatronik verschleisst,3,1800,https://carwiki.de/ford-getriebe-probleme,US-Sammelklage Vargas v. Ford
Ford,Fiesta,Zuendspulen (1.0 EcoBoost),"Defekte Zuendspulen -> Zuendaussetzer/Ruckeln, ~33% Leistungsverlust",2,200,https://autoankauf-stern.com/ford-3-zylinder-probleme-7-bekannte-schwachstellen-und-was-sie-wirklich-kosten/,
Ford,Fiesta,Fahrwerk/Lenkung,"Ausgeschlagene Spurstangenkoepfe/Achsgelenke, Federbrueche nach ~5 J",2,400,https://www.autobild.de/artikel/ford-fiesta-gebraucht-tuev-report-28257417.html,haeufige HU-Maengel Gen 7
Hyundai,i20,Steuerkette,"1.0 T-GDI: vorzeitiger Verschleiss Kettenspanner/Gleitschienen, gelaengte Kette, Rasseln oft ab 40-60.000 km; unbehandelt Motorschaden",3,900,https://www.hyundaiboard.de/thread/29520-typ-gb-1-0-t-gdi-steuerkette-rasselt/,GB 1.0 T-GDI
Hyundai,i20,Steuerkette,1.2/1.4 Benziner: Kettenspanner-Verschleiss (Rasseln/Klackern) ~60-120.000 km,2,850,https://carwiki.de/hyundai-i20-probleme,PB/GB Sauger
Hyundai,i20,Kupplung,"Erhoehter Kupplungsverschleiss (Schalter), DCT hoher Verschleiss bei Stop-and-Go",2,1100,https://carwiki.de/hyundai-i20-probleme,800-1400 EUR
Hyundai,i20,Bremsleitungen,"Aeltere PB: korrodierende Bremsleitungen (HU-relevant), hintere Bremsen setzen fest",2,,https://www.autobild.de/artikel/hyundai-i20-im-tuev-check-2026--28350573.html,"TUEV-Report 2026, v.a. 10+ J"
Nissan,Micra,Steuerkette,"K12 CR-Benziner vor Facelift 2005: Steuerkette laengt sich, Motorschaden moeglich; Klappern kalt",3,1300,https://gebrauchtwagenberater.de/nissan-micra-probleme/,bis 2005
Nissan,Micra,Servolenkung,"K12: elektrische Servolenkung (TRW) Steuerplatine/Kohlen brennen durch, ~80-150.000 km",2,1000,https://www.pkwfokus.de/maengelliste/defekte-servolenkung-beim-nissan-micra-k12/,Aufarbeitung ab ~300 EUR
Nissan,Micra,Rost,"K12: Rost an Radlaeufen/Schwellern von innen, Strukturkorrosion bei 15+ J",2,600,https://gebrauchtwagenberater.de/nissan-micra-probleme/,Schwellernaht pruefen
Nissan,Micra,CVT-Getriebe,"K13 Xtronic CVT: Gliederband verschleisst bei niedrigem Hydraulikdruck -> Beschleunigungsverlust, CVT-Warnung",3,2000,https://www.rueckrufe.net/tag/micra-k13/,Software-Rueckruf vorhanden
Seat,Arona,1.5 TSI EVO (ACT),"Ruckeln/Vibration durch Zylinderabschaltung, v.a. Kaltstart; Software-Update noetig",2,150,https://www.autobild.de/artikel/seat-arona-gebraucht-tuev-report-2026-28199257.html,v.a. 2018-2020
Seat,Arona,DSG DQ200,"Trockenkupplungs-DSG: Mechatronik-/Kupplungsschaeden, Ruckeln kalt",3,1600,https://carwiki.de/vw-dsg-probleme/,"Mechatronik ~1600 EUR, Getriebe >2000 EUR"
Seat,Arona,Einspritzung (1.0 TSI),Defekte Einspritzduesen (2018-2020) -> Kraftstoffeintrag/Oelverduennung im Stand,2,600,https://gebrauchtwagenberater.de/seat-arona-typische-probleme-maengel-rueckrufe/,1.0 TSI 2018-2020
Seat,Arona,Lenkgelenke,Lenkgelenke bei 6-7 J zehnfach ueber Schnitt (kaputte Staubmanschetten),2,250,https://www.autobild.de/artikel/seat-arona-gebraucht-tuev-report-2026-28199257.html,TUEV-Report 2026
Seat,Ibiza,Steuerkette,"1.2/1.4 TSI EA111 (bis ~2015): Steuerkettenlaengung, Kette kann ueberspringen -> Motorschaden; VW-Kulanz teils erweitert",3,1500,https://carwiki.de/seat-ibiza-probleme,6J/6P; 800-2500 EUR
Seat,Ibiza,Oelverbrauch,TSI mit Alter erhoehter Oelverbrauch/-verlust (Kolbenringe/Ventilfuehrungen),2,600,https://www.autobild.de/artikel/seat-ibiza-gebraucht-tuev-report-2026-28137621.html,auch 1.0/1.5 TSI EA211 evo
Seat,Ibiza,DSG DQ200,"7-Gang-DSG Trockenkupplung: Mechatronik-Defekt, Ruckeln/Notlauf ~60-130.000 km",3,1700,https://carwiki.de/vw-dsg-probleme/,Mechatronik 1400-1900 EUR
Seat,Ibiza,1.5 TSI EVO (ACT),"Ruckeln/Vibration beim Umschalten Zylinderabschaltung, Fehlzuendungen Teillast",2,,https://carwiki.de/vw-ea211-evo-1-5-tsi-motor,meist Software-Update
Seat,Ibiza,Fahrwerk,Ibiza V (6F): Lenkgelenke/Manschetten bei 3. HU stark ueber Schnitt; Daempfer frueh verschlissen,2,400,https://www.autobild.de/artikel/seat-ibiza-gebraucht-tuev-report-2026-28137621.html,
Suzuki,Swift,Bremsleitungen,Fruehe Jahrgaenge: Bremsleitungen korrodieren ueber HU-Schnitt; Bremsfunktion auffaellig,2,150,https://www.autobild.de/artikel/suzuki-swift-gebraucht-tuev-report-2026-28278343.html,"FZ/NZ, Unterboden pruefen"
Suzuki,Swift,Lenkung,"Spurstangenkoepfe/Lenkgelenke, Lenkgetriebe verschleissen ueber Schnitt; polternde Vorderachse",2,400,https://gebrauchtwagenberater.de/suzuki-swift-nz-probleme/,FZ/NZ
Suzuki,Swift,Rost,"Swift III (MZ/EZ): Rost Unterboden, Schweller, Tuerunterkanten, Heckklappe",2,300,https://carwiki.de/suzuki-swift-probleme,v.a. aeltere Generation
Suzuki,Swift,Beleuchtung,Rueckleuchten (FZ) doppelt so oft defekt wie Schnitt; haeufigster HU-Mangel,1,60,https://www.autobild.de/artikel/suzuki-swift-gebraucht-tuev-report-2026-28278343.html,
Mini,One,Steuerkette (N12/N16 Prince R56),"Kette laengt sich vorzeitig durch defekten Kettenspanner, Rasseln Kaltstart; kapitaler Motorschaden moeglich",3,1800,https://www.repareo.de/mini-one-zahnriemen-oder-steuerkette/,Dehnung ab ~100.000 km
Mini,One,Servolenkung (R50/R53),"Elektrohydraulische Servopumpe faellt aus, Lenkung schwergaengig/faellt aus",2,,https://gebrauchtwagenberater.de/mini-r50-r52-r53-probleme/,erste Generation
Mini,One,Wasserpumpe/Kuehlung,"Wasserpumpe, Thermostatgehaeuse, Ausgleichsbehaelter undicht -> Ueberhitzungsgefahr",2,525,https://carwiki.de/mini-one-wasserpumpe-wechseln/,typisch 120.000-175.000 km
Mini,One,Beleuchtung,"HU-Schwerpunkt: hintere Leuchten Wassereintritt/Ausfall, vordere Beleuchtung auffaellig",1,,https://www.autobild.de/artikel/mini-gebraucht-tuev-report-2026-28291985.html,TUEV-Report 2026
Mini,One,Kupplung/Getriebe (Midland R50),"Kupplung verschleisst frueh, hakeliges Schalten/Kratzen",2,,https://gebrauchtwagenberater.de/mini-r50-r52-r53-probleme/,Getriebe erste Generation
Skoda,Yeti,Steuerkette 1.2/1.4 TSI (EA111),"Kette laengt sich, Schnattern/Rasseln Kaltstart; Kettensprung -> Motorschaden; bis Facelift, ab EA211 (6/2015) Zahnriemen",3,1500,https://www.autobild.de/artikel/skoda-karoq-yeti-schwachstellen-maengel-staerken-28220097.html,Schnattern >2 s = Finger weg
Skoda,Yeti,Oelverbrauch 1.8 TSI,Erhoehter Oelverbrauch (bis ~2 l/1000 km) durch Verkokung der Kolbenoelabstreifringe,2,,https://www.autobild.de/artikel/skoda-karoq-yeti-schwachstellen-maengel-staerken-28220097.html,
Skoda,Yeti,DSG DQ200,"Ruckeln, verzoegertes Einlegen 1. Gang, Mechatronik-Ausfall moeglich",3,,https://carwiki.de/skoda-yeti-probleme,Serviceaktion Getriebeoel bis ~2013
Skoda,Yeti,AGR-Ventil TDI (1.6/2.0),"AGR verkokt/klemmt -> Leistungsverlust, Ruckeln, DPF verstopft; Pannenschwerpunkt 2010-2013",2,,https://www.autodoc.de/info/skoda-yeti-probleme-mangelliste-krankheiten-und-schwachstellen,ADAC
Skoda,Yeti,Oelverlust am Antrieb,Oelaustritt ab ~5. Jahr; bei 8-9 J deutlich haeufiger als Klassenschnitt,2,,https://www.autobild.de/artikel/skoda-karoq-yeti-schwachstellen-maengel-staerken-28220097.html,TUEV+ADAC Kernschwaeche
Cupra,Formentor,1.5 TSI EVO (ACT),Erhoehter Oelverbrauch/unruhiger Leerlauf/Ruckeln bei Zylinderabschaltung,2,,https://www.autobild.de/artikel/cupra-formentor-gebraucht-tuev-report-2026-28077311.html,
Cupra,Formentor,DSG DQ381,Ruppiges Schalten; Waehlhebelfehler C1 -> Software-Update 38D1; vereinzelt Mechatronik-Ausfall,2,,https://cupra-forum.com/forum/thread/4456-dsg-dq381-schaltverhalten/,VAG-Update
Cupra,Formentor,Infotainment/Software,Abstuerze und Bugs des Infotainmentsystems (konzernweit),1,,https://www.autobild.de/artikel/cupra-formentor-gebraucht-tuev-report-2026-28077311.html,Updates beim Haendler
Cupra,Formentor,PHEV Hochvoltsystem,1.4 e-Hybrid: fehlerhafte Batteriesicherung -> Kurzschluss/Brandgefahr (Rueckruf 93N9),3,,https://www.autoservicepraxis.de/rueckrufe/artikel/cupra-rueckruf-stromschlag-und-brandgefahr-3171869,Bj. 2020-2022
Peugeot,2008,1.2 PureTech Nassriemen,Zahnriemen im Oel zersetzt sich; Abrieb verstopft Oelsieb/Pumpe -> Oeldruckverlust bis Motorschaden. Kulanz 10 J/175.000 km,3,,https://www.auto-motor-und-sport.de/tech-zukunft/puretech-motoren-zahnriemen-oel-motorschaden/,Motorschaden-Reparatur bis >5000 EUR
Peugeot,2008,1.2 PureTech Vakuumpumpe,Riemenabrieb verstopft Vakuumpumpe -> Bremskraftverstaerker kann Wirkung verlieren (KBA-Rueckruf),3,,https://www.autohaus.de/automarken/rueckrufe/eintrag/rueckruf-januar-2023-peugeot-2008-3307294,MJ 2017-2020
Peugeot,2008,1.2 PureTech Oelverbrauch,Erhoehter Oelverbrauch; Oelwechsel max. 10.000 km sonst schnellere Riemenzersetzung,2,,https://gebrauchtwagenberater.de/psa-puretech-typische-probleme/,
Peugeot,2008,1.5 BlueHDi Steuerkette,Vorzeitiger Kettenverschleiss; Stellantis-Sonderkulanz bis 10 J/240.000 km,2,,https://carwiki.de/zahnriemenwechsel-peugeot-2008,Kettenrasseln beachten
Peugeot,2008,BlueHDi DPF/AdBlue,"Wiederkehrende SCR-/DPF-Fehler: AdBlue-Dosierung, NOx-Sensor, DPF-Regeneration bei Kurzstrecke",2,,https://www.adblue-services.com/en/adblue-psa/,Langstrecke hilft
Nissan,Juke,Steuerkette 1.2 DIG-T,Kette laengt sich vorzeitig -> kapitaler Motorschaden; empfindliche Spanner,3,2000,https://gebrauchtwagenberater.de/nissan-juke-f15-probleme/,HR12DDT
Nissan,Juke,Oelverbrauch 1.2 DIG-T,"Erhoehter Oelverbrauch (Kolbenringe), teils >1 L/1000 km",2,,https://www.juke-forum.de/forum/thread/3150-nissan-juke-fehlerhafte-kolbenringe-steuerkettendefekt-erh%C3%B6hter-%C3%B6lverbrauch/,
Nissan,Juke,CVT-Getriebe (Xtronic),Ruckeln/Rutschen/Ueberhitzung; Ausfall meist 80.000-120.000 km,3,5000,https://gebrauchtwagenberater.de/nissan-juke-f15-probleme/,Austausch 3.000-7.000 EUR
Nissan,Juke,Turbolader 1.2/1.6 DIG-T,"Vorzeitiger Verschleiss: Pfeifen, Leistungsverlust, Oelverbrauch",2,,https://www.autodoc.de/info/probleme-mit-dem-nissan-juke,F15 Turbobenziner
Nissan,Juke,Oelverlust/Auspuff (HU),"Oelverlust Motor/Getriebe, durchrostender Mitteltopf - haeufige TUEV-Maengel",2,,https://www.autobild.de/artikel/nissan-juke-gebrauchtwagen-test-13159935.html,
Dacia,Spring,Crashsicherheit,"Nur 1/5 Sterne Euro NCAP (2021), kein Center-Airbag, schwacher Insassenschutz",3,,https://www.euroncap.com/en/results/dacia/spring/44197,Variante E2 Comfort Plus
Dacia,Spring,Assistenzsysteme,"Nur Basis-Assistenz, kein adaptiver Tempomat, magere aktive Sicherheit",2,,https://insideevs.de/reviews/726072/dacia-spring-extreme-facelift-test/,Facelift 2024 nur teils besser
Dacia,Spring,DC-Laden,"Sehr langsames Schnellladen (30 kW vor Facelift), CCS 600 EUR Aufpreis",2,600,https://www.riffreporter.de/de/technik/dacia-spring-facelift-test-guenstigstes-elektro-auto-sicherheit-assistenzsysteme-preis,CCS optional
Dacia,Spring,Verarbeitung,"Blechern klingende Tueren, Windgeraeusche, Rueckbank nur komplett umklappbar",1,,https://insideevs.de/reviews/726072/dacia-spring-extreme-facelift-test/,
Skoda,Fabia,1.0 TSI Ölverbrauch,Erhoehter Oelverbrauch bei fruehen EA211 (2014-2016): festsitzende Kolbenringe; ab 2016 seltener,2,,https://www.autohled.cz/de/magazin/spolehlivost-motoru-tsi-od-1-0-do-2-0-ktere-rocniky-a-generace-zlobi/13153,spaete Bj. unkritischer
Skoda,Fabia,1.2 TSI EA111 Steuerkette,"Laengungsanfaellige Kette + defekte Spanner, Ausfall teils schon 30.000-40.000 km; nur aeltere EA111 bis ~2015",3,1200,https://gebrauchtwagenberater.de/probleme-beim-tsi/,neuere 1.0/1.5 EA211 haben Riemen
Skoda,Fabia,DSG DQ200,"Trockenkupplungs-DSG: Ruckeln, Mechatronik-Ausfall, verbrannte Kupplung ab 80.000-120.000 km",3,3000,https://carwiki.de/vw-dsg-probleme/,"Mechatronik ~3000 EUR, Getriebe >5000"
Skoda,Fabia,Zentralverriegelung/Wassereintritt,"Defekte ZV, Wasser hinter Tuerdichtungen",1,,https://carwiki.de/skoda-fabia-probleme,TUEV-Report Gen IV
Dacia,Sandero,Steuerkette (0.9/1.0 TCe),"Kette laengt sich vorzeitig; Rasseln Kaltstart, P0016/P0017; ueberspringende Kette -> Motorschaden",3,1650,https://kfz-dietrich.com/blog/dacia-sandero-typische-probleme-renault/,ab ~80.000 km; Folgeschaden 4500+ EUR
Dacia,Sandero,Oelverbrauch/Ventildeckel,"Erhoehter Oelverbrauch, Oelverlust ueber Ventildeckel/Kurbelwellensimmerring",2,,https://gebrauchtwagenberater.de/dacia-sandero-probleme/,TUEV bemaengelt Oelverlust
Dacia,Sandero,Turbolader (TCe),Turboladerschaden bei Kurzstrecke,3,,https://www.autodoc.de/info/dacia-sandero-probleme-mangelliste-storungen-und-schwachstellen,Warm-/Nachlaufen beachten
Dacia,Sandero,Ventilsitze (LPG/ECO-G),Gasbetrieb erhoeht Ventilsitzverschleiss; Kontrolle alle 60.000 km,2,,https://kfz-dietrich.com/blog/dacia-sandero-typische-probleme-renault/,TCe LPG
Dacia,Sandero,AGR-Ventil (1.5 dCi),AGR verkokt; Reinigung um 100.000 km empfohlen,2,450,https://kfz-dietrich.com/blog/dacia-sandero-typische-probleme-renault/,AGR-Reinigung 380-520 EUR
Kia,Picanto,Handbremse/Bremssattel hinten,"Korrosion hinterer Bremssattel/Bremsseil, Handbremse loest nicht (TA bis 2012, Rueckrufthema)",2,,https://carwiki.de/kia-picanto-probleme/,auch Rueckruf 3856
Kia,Picanto,Klimaanlage,Unzureichende Kuehlleistung/Stoerungen bei TA,1,,https://carwiki.de/kia-picanto-probleme/,TA 2011-2017
Kia,Picanto,Beleuchtung/Scheinwerfer,"Abblendlicht-Maengel, beschlagene Scheinwerfer; markanteste HU-Schwaeche JA",1,,https://www.autobild.de/artikel/kia-picanto-schwachstellen-maengel-staerken-28308189.html,
Kia,Picanto,Oelverlust Motor,"Auffaellig haeufiger Oelverlust schon bei 1. HU (JA), erhoeht bei TA",1,,https://www.autobild.de/artikel/kia-picanto-schwachstellen-maengel-staerken-28308189.html,
Kia,Picanto,Lenkung/Achsaufhaengung,Verschlissene Spurstangen/Lenkgelenke beim aelteren TA (8-9 J),2,,https://www.autobild.de/artikel/kia-picanto-schwachstellen-maengel-staerken-28308189.html,
Kia,Picanto,1.0 T-GDI Direkteinspritzer,Verkokung Einspritzventile bei hoher Laufleistung; Turbo-Wastegate-Spiel,2,,https://gebrauchtwagenberater.de/kia-picanto-probleme-schwachstellen/,JA 100 PS Turbo
Cupra,Ateca,Motor 2.0 TSI EA888,"Steuerkette/Spanner laengt sich; Rasseln Kaltstart, Kettenriss -> Motorschaden",3,,https://www.autobild.de/artikel/-cupra-ateca-gebrauchtwagen-test-22906399.html,meist 80.000-120.000 km
Cupra,Ateca,Oelverbrauch 2.0 TSI,Erhoehter Oelverbrauch teils bei niedriger Laufleistung (Kolbenringe),2,,https://www.autobild.de/artikel/-cupra-ateca-gebrauchtwagen-test-22906399.html,
Cupra,Ateca,DSG DQ381,Ruckeln/Notlauf/blinkende Ganganzeige durch defekte Druck-/Positionssensoren (P1735/P1736),3,1200,https://weber-performance.ch/dq381-dsg-probleme-ruckeln-notlauf-erklaert/,Sensor-Reparatur ~1000-1500 EUR
Cupra,Ateca,Elektrik/Karosserie,Ausfall elektrische Spiegel-Einklappung; Rost an Heckklappe (Nahtabdichtung),1,,https://www.autobild.de/artikel/-cupra-ateca-gebrauchtwagen-test-22906399.html,
Volvo,XC40,Infotainment (Sensus),Darstellung/Reaktionszeit/Menuefuehrung bemaengelt; Displaytausch teuer,2,1465,https://www.autobild.de/artikel/volvo-xc40-gebrauchtwagen-test-22921421.html,Bildschirm-Ersatz
Volvo,XC40,Bremsen,Bremsscheiben durch Gewicht frueh verschlissen (~70.000 km); Rost bei Wenigfahrern,2,,https://www.autobild.de/artikel/volvo-xc40-gebrauchtwagen-test-22921421.html,
Volvo,XC40,Korrosion,"Rostschutz nur 3/5; frueher Rost am Vorderachstraeger, Schweller/Boden",2,,https://www.autobild.de/artikel/volvo-xc40-gebrauchtwagen-test-22921421.html,
Volvo,XC40,Motor 3-Zyl (T2/T3 1.5),Start-Stop-Fehler 2018-2019: Motor springt nicht wieder an; per Software behoben,1,,https://gebrauchtwagenberater.de/volvo-xc40-probleme/,2018-2019
Volvo,XC40,Recharge PHEV Gaspedalsensor,"Korrosion am Gaspedalsensor-Kabel (Bj. 09/2020-08/2021), ungewollte Beschleunigung (Rueckruf)",3,,https://gebrauchtwagenberater.de/volvo-xc40-probleme/,Recharge PHEV
Peugeot,208,1.2 PureTech Nassriemen,Zahnriemen im Oel zersetzt sich -> Oelsieb verstopft -> Motorschaden. Betrifft EB2 bis ~2022/23. Kulanz 10 J/180.000 km,3,,https://gebrauchtwagenberater.de/psa-puretech-typische-probleme/,Oelfilterdeckel oeffnen und Riemen pruefen
Peugeot,208,1.2 PureTech Oelverbrauch,Erhoehter Oelverbrauch gefaehrdet Nassriemen und Lager zusaetzlich,2,,https://www.mittns.de/thread/3186-probleme-mit-1-2-puretech-ez-2019-72-000-km-zahnriemen-%C3%B6lverbrauch-garantie/,
Peugeot,208,Bremsscheiben vorne,"TUEV: verschlissene Bremsscheiben ueberdurchschnittlich, trotz geringer Laufleistung",1,490,https://www.autobild.de/artikel/peugeot-207-208-im-tuev-check-2026--28327317.html,ADAC-Richtwert vorne
Peugeot,208,Auspuff/Oelverlust,TUEV: ab 6 J steigende Maengel Abgasanlage; Oelschwitzen auffaellig,2,,https://www.autobild.de/artikel/peugeot-207-208-im-tuev-check-2026--28327317.html,aeltere Gen1-Facelift
Peugeot,208,e-208 Fahrwerk/Bremsscheiben,"TUEV e-208: schwaches Fahrwerk, Bremsscheiben rosten (Rekuperation/hohes Gewicht)",1,,https://www.autobild.de/artikel/peugeot-e-208-tuev-report-2026-28632395.html,
Toyota,Yaris,12V-Starterbatterie,Haeufigste Pannenursache bei Toyota-Hybriden ab 2020 (XP21): entladene/defekte 12V-Batterie,3,180,https://www.auto-motor-und-sport.de/verkehr/adac-pannenstatistik-2026-warum-ausgerechnet-toyota-schlecht-abschneidet/,groessere Batterie ab 11/2024
Toyota,Yaris,Beleuchtung,Maengelquote vordere/hintere Beleuchtung deutlich ueber Durchschnitt (TUEV),2,,https://www.autobild.de/artikel/toyota-yaris-tuev-report-2026-28270261.html,
Toyota,Yaris,Bremsscheiben,Bremsscheiben verschleissen ueberdurchschnittlich; Fussbremse auffaellig,2,,https://www.autobild.de/artikel/toyota-yaris-tuev-report-2026-28270261.html,
Toyota,Yaris,Bremsleitungen,Rostende hintere Bremsleitungen ab ~10 J (v.a. XP13),2,,https://www.autobild.de/artikel/toyota-yaris-tuev-report-2026-28270261.html,aeltere Modelle
Toyota,Yaris,Kupplung,"Frueher Kupplungsverschleiss, bes. automatisiertes Getriebe (MMT) des XP13",2,,https://www.autobild.de/artikel/toyota-yaris-schwachstellen-maengel-staerken-28270261.html,XP13
Toyota,Yaris,Wasserpumpe,"1.0 (1KR-FE, XP13): undichte Wasserpumpe -> Kuehlmittelverlust/Ueberhitzungsrisiko",2,,https://carwiki.de/toyota-yaris-probleme,XP13 1.0
Toyota,Aygo,Bremsleitungen,"Bremsleitungen korrodieren mit Alter, v.a. Gen1 (bis 2014)",3,,https://www.autobild.de/artikel/toyota-aygo-schwachstellen-maengel-staerken-28318367.html,ab ~9 J teils fatal
Toyota,Aygo,Beleuchtung,Abblendlicht/Scheinwerfer im TUEV meist doppelt so oft beanstandet,2,,https://www.autobild.de/artikel/toyota-aygo-schwachstellen-maengel-staerken-28318367.html,aeltere Fahrzeuge
Toyota,Aygo,Fussbremse,"Bremsscheibenverschleiss ueberdurchschnittlich, Fussbremse ab 2. HU auffaellig",2,150,https://www.autobild.de/artikel/toyota-aygo-schwachstellen-maengel-staerken-28318367.html,Scheiben/Belaege vorne
Toyota,Aygo,Servolenkung,Elektromechanische Servolenkung der ueber Zehnjaehrigen auffaellig,2,,https://www.autobild.de/artikel/toyota-aygo-schwachstellen-maengel-staerken-28318367.html,Gen1 >10 J
Toyota,Aygo,Wasserpumpe,"Undichte Wasserpumpe/Kuehlmittelverlust, Gen1 ab ~50.000 km",2,300,https://carwiki.de/toyota-aygo-probleme/,arbeitsintensiv am 1KR
Citroen,C3,1.2 PureTech Nassriemen,Zahnriemen im Oelbad zersetzt sich -> Oelsieb verstopft -> Motorschaden; ab ~2022 auf Steuerkette umgestellt,3,,https://www.auto-motor-und-sport.de/tech-zukunft/puretech-motoren-zahnriemen-oel-motorschaden/,Stellantis-Kulanz 10 J/175.000 km
Citroen,C3,1.2 PureTech Oelverbrauch,Erhoehter Oelverbrauch/Oelverduennung; Warnzeichen fuer Riemenschaden,2,,https://www.autodoc.de/info/probleme-mit-dem-citroen-s3,"0W-20, Oelwechsel 7.500-10.000 km"
Citroen,C3,1.5 BlueHDi Steuerkette,Kette im Oel (DV5R) verschleisst vorzeitig -> Rasseln Kaltstart -> Motorschaden,3,,https://kfz-dietrich.com/blog/citroen-c3-typische-probleme-stellantis/,"Kulanz bis 10 J/240.000 km, 5W-30"
Citroen,C3,BlueHDi AdBlue/SCR/DPF,"NOx-Sensor, AdBlue-Dosierung, DPF-Verstopfung bei Kurzstrecke",2,,https://www.carchecker.pro/de/reports/citroen_berlingo_mk3_1.5_bluehdi.html,NOx-Sensor 500-700 EUR
Citroen,C3,Beleuchtung/Elektrik,"HU-auffaellig: Abblendlicht, Front-/Ruecklichter, Blinker ueber alle Baujahre",1,,https://www.autobild.de/artikel/citroen-c3-im-tuev-check-2026--28357859.html,haeufigster TUEV-Mangel
Opel,Zafira Life,AdBlue-Pumpe/SCR,"AdBlue-Pumpe korrodiert/faellt aus; Warnungen, Startsperre; PSA-EMP2 (Traveller/SpaceTourer)",2,,https://www.autodoc.de/info/probleme-mit-dem-peugeot-traveller,baugleiche Plattform
Opel,Zafira Life,DPF,"DPF-Verstopfung bei Kurzstrecke, Leistungsverlust; PSA-Plattform",2,1000,https://www.autodoc.de/info/probleme-mit-dem-peugeot-traveller,1.5/2.0 BlueHDi
Opel,Zafira Life,AGR/Injektoren,Russbildung an Injektoren/AGR -> Leistungsverlust 15-20% (1.5 BlueHDi),2,1500,https://www.autodoc.de/info/probleme-mit-dem-peugeot-traveller,baugleiche Plattform
Opel,Zafira Life,Turbolader,"Ausfall meist 80.000-120.000 km, Leistungsverlust/Geraeusche",2,1400,https://www.autodoc.de/info/probleme-mit-dem-peugeot-traveller,baugleiche Plattform
Opel,Zafira Life,Schiebetuer-Mechanik,Funktionsstoerungen der Schiebetuer (Garantie),1,,https://gebrauchtwagenberater.de/opel-zafira-life-probleme/,direkt am Zafira Life
Cupra,Leon,1.5 TSI EVO (ACT),"Ruckeln/Vibration beim Umschalten der Zylinderabschaltung, teils Software-Update noetig",2,,https://hh-autos.com/vw-tiguan-1-5-etsi-im-check-warum-act-und-48v-mildhybrid-fuer-37-000-e-ruckeln/,
Cupra,Leon,2.0 TSI EA888 Steuerkette,"Kettenspanner verliert Hydraulikdruck -> Rasseln Kaltstart, Kette laengt sich",2,1500,https://kfz-dietrich.com/blog/steuerkette-wechseln-kosten-marken-uebersicht/,Kettentausch 1200-2500 EUR
Cupra,Leon,DSG DQ381,Ruckeln/verzoegertes Einkuppeln bis Notlauf durch defekte Drucksensoren der Mechatronik,3,,https://weber-performance.ch/dq381-dsg-probleme-ruckeln-notlauf-erklaert/,Sensor-Reparatur moeglich
Cupra,Leon,1.4 e-Hybrid HV-Batterie,PHEV: mangelhafte Sicherung im Schaltkasten -> Kurzschluss/Brandgefahr (Rueckruf 011708),3,,https://www.autozeitung.de/seat-rueckruf-193896.html,Isoliermatte
Honda,CR-V,DPF 2.2 i-DTEC,"Verstopft bei Kurzstrecke ab 60.000-80.000 km; Warnleuchte, Leistungsverlust, Notlauf",2,,https://www.carchecker.pro/reports/honda_crv_re_2.2_idtec.html,Neuteil Honda 2000-2500 EUR
Honda,CR-V,AGR/Ansaugung Diesel,"Versottung AGR/Injektoren -> teure Reparaturen, v.a. Kurzstrecke (2.2/1.6 i-DTEC)",2,,https://gebrauchtwagenberater.de/honda-crv-rm-probleme/,Additive empfohlen
Honda,CR-V,Turbolader Diesel,Turbolader Schwachpunkt der i-DTEC bei hoher Laufleistung,2,,https://www.carchecker.pro/reports/honda_crv_re_2.2_idtec.html,Oelqualitaet wichtig
Honda,CR-V,Kupplung/ZMS Diesel,"Rupfende Kupplung, Handschalter Diesel mit ZMS teuer",2,,https://gebrauchtwagenberater.de/honda-crv-re-probleme/,
Honda,CR-V,Radlager (Gen4 RM),Vorzeitiger Radlager-Ausfall teils bei geringer Laufleistung,2,,https://gebrauchtwagenberater.de/honda-crv-rm-probleme/,2012-2018
Audi,Q5,2.0 TFSI EA888 Oelverbrauch,Hoher Oelverbrauch durch verkokte/schmale Kolbenringe; bis ~1 L/2000 km; bes. 2008-2011,3,,https://www.motorschadenvergleich.de/motorschaden/audi/audi-q5-2-0-tfsi-hoher-oelverbrauch/,TPI Kolben/Ringe neu
Audi,Q5,2.0 TFSI Steuerkette,"Kettenlaengung/Spanner: Rasseln Kaltstart, Steuerzeiten wandern -> Motorschaden",3,2500,https://www.deinmotorschaden.de/audi-a5-steuerkette-wechseln-kosten-und-intervall/,"Werkstatt 1200-1500, Audi 2500-3000 EUR"
Audi,Q5,S tronic 7-Gang (DL501),"Nass-DKG: Ruckeln/Schaltschlag, Mechatronik-/Kupplungsverschleiss; Oelwechsel alle 60.000 km",3,2500,https://hixa.eu/blog/audi-q5-dl501-s-tronic-gearbox-problems-repair,Mechatronik 1500-2500 EUR
Audi,Q5,Achsaufhaengung/Fahrwerk,"TUEV-Schwachpunkt: Querlenker/Achsfedern (4-6 J), Antriebswellen >10 J",2,,https://www.autobild.de/artikel/audi-q5-im-tuev-check-2026--28232879.html,haeufigster HU-Mangel
Audi,Q5,3.2 FSI V6 Direkteinspritzer,Verkokung Einlassventile; Steuerketten-/Thermostat-Themen,2,,https://gebrauchtwagenberater.de/audi-q5-probleme/,Reinigung kostspielig
Renault,Clio,Steuerkette 1.0/1.3 TCe,"TCe (H5): erhoehter Oelverbrauch, vereinzelt gelaengte Kette; Rasseln Kaltstart -> Motorschaden",3,,https://gebrauchtwagenberater.de/renault-clio-probleme/,Wartungshistorie pruefen
Renault,Clio,EDC-Doppelkupplung,Metallische Geraeusche beim Herunterschalten; Mechatronik-/Magnetventil-Defekte teuer,3,,https://www.motor-talk.de/forum/edc-getriebe-allgemein-kosten-fuer-ersatz-oder-reparatur-t5981911.html,"Kupplung 3000-4000, Getriebe bis 9000 EUR"
Renault,Clio,E-Tech Hybrid-Getriebe,"Multi-Mode-Getriebe (Klauenkupplung): Oelleckagen, teils Oeleintrag in E-Motor -> Getriebeschaden",3,,https://www.motor-talk.de/forum/oelverlust-getriebe-clio-e-tech-140-t8281197.html,oft Kulanz/Garantie
Renault,Clio,Elektrik/Infotainment,Clio V EASY LINK/Notbremsassistent/Start-Stopp; Clio IV R-Link; Starterbatterie,2,,https://carwiki.de/renault-clio-probleme,alle Funktionen testen
Renault,Clio,1.5 dCi AGR/DPF,"DPF-Verstopfung Kurzstrecke, versottetes AGR, Injektoren",2,1000,https://kfz-dietrich.com/blog/renault-clio-typische-probleme-diagnose/,DPF >1000 EUR
Citroen,C4,1.2 PureTech Nassriemen,"Zahnriemen im Oelbad -> Abrieb verstopft Oelsieb -> Motorschaden, oft vor Intervall (C4 III 2020+)",3,,https://kfz-dietrich.com/blog/psa-1-2-puretech-riemen-im-oel-werkstatt/,EB2 Interferenzmotor
Citroen,C4,1.5 BlueHDi Steuerkette (DV5R),Nockenwellenkette verschleisst 60.000-120.000 km; Klappern -> Kettenriss/Motorschaden (bis 2/2023),3,,https://www.auto-motor-und-sport.de/tech-zukunft/rueckruf-bei-stellantis-darum-ist-die-steuerkette-so-anfaellig/,Sonderkulanz 10 J/240.000 km
Citroen,C4,AdBlue-System,"Fehlerhaftes Entlueftungsventil ueberlastet AdBlue-Pumpe; UREA-Warnung, Startsperre-Countdown",2,,https://www.klavkarr.com/compatible/citroen-c4iii-11000202,aktualisierter Tankdeckel
Citroen,C4,Infotainment/Elektronik,Infotainment mit Abstuerzen und traeger Reaktion,1,,https://carwiki.de/citroen-c4-probleme,Softwareupdate teils Abhilfe
Suzuki,Vitara,Turbolader 1.4 BoosterJet,"K14C: Turbo anfaellig 80.000-120.000 km: Leistungsverlust, Pfeifen, Oelverbrauch, schwarzer Rauch",3,,https://carwiki.de/suzuki-vitara-oelverbrauch-oelverlust/,1.6 Sauger robuster
Suzuki,Vitara,Oelverbrauch 1.4 BoosterJet,>300 ml/1000 km deutet auf Defekt (Kolbenringe/Zylinderwand/PCV),2,,https://carwiki.de/suzuki-vitara-oelverbrauch-oelverlust/,Normal 50-250 ml/1000 km
Suzuki,Vitara,Beleuchtung,Ueberdurchschnittliche Maengel an Front-/Rueckbeleuchtung/Blinker ab 1. HU,1,,https://www.autobild.de/artikel/suzuki-vitara-grand-vitara-tuev-report-2026-28325339.html,TUEV-Report 2026
Suzuki,Vitara,Antriebseinheit Oelverlust,Oelaustritt/Oelfeuchte an der Antriebseinheit faellt frueh auf (LY),2,,https://www.autobild.de/artikel/suzuki-vitara-grand-vitara-tuev-report-2026-28325339.html,TUEV-Report 2026
Honda,HR-V,1.5 VTEC Turbo Direkteinspritzer,"Verkokung Einlassventile/Einspritzduesen -> Leistungsverlust, Mehrverbrauch",2,,https://gebrauchtwagenberater.de/honda-hrv-ru-probleme/,nur DI-Turbo
Honda,HR-V,1.5 Benzin Oelverduennung,Kraftstoff im Motoroel bei Kurzstrecke/Kaelte; im Extremfall Motorschaden,2,,https://gebrauchtwagenberater.de/honda-hrv-ru-probleme/,US-Sammelklage
Honda,HR-V,12V-Batterie e:HEV (BCM),Frueher e:HEV (Ende 2021-Anfang 2023): Software entlaedt 12V-Batterie; per Update behoben,2,,https://www.carchecker.pro/de/reports/honda_hrv_ehev.html,Update-Stand pruefen
Honda,HR-V,Hybrid-Antriebsbatterie e:HEV,"Kapazitaetsverlust moeglich ab ~120.000-150.000 km, haeufigere Motorstarts",2,,https://www.carchecker.pro/de/reports/honda_hrv_ehev.html,temperaturempfindlich
Hyundai,BAYON,Kraftstoffpumpe,Impeller kann aufquellen/blockieren -> Motor kann waehrend Fahrt ausgehen (Rueckruf 51DT07),3,,https://www.kfz-betrieb.vogel.de/auch-hyundai-hat-probleme-mit-der-kraftstoffpumpe-a-bb976675658cb385ce24de5d8ad54b22/,"i20/Bayon BC3, Fertigung 04/2021-01/2023"
Hyundai,BAYON,7-DCT Doppelkupplung,Trockenkupplungs-DCT ruckelt im Stop-and-Go und beim Anfahren,2,,https://www.autobild.de/artikel/hyundai-bayon-gebrauchtwagen-test-28386763.html,AUTO BILD Test; Probefahrt im Stau
Hyundai,BAYON,Steuerkette 1.0 T-GDI,"BC3 (baugleich i20): Spanner/Gleitschienen koennen verschleissen, Kette laengt sich; Oelverduennung beguenstigt Verschleiss",2,,https://www.hyundaiboard.de/thread/38757-bc3-1-0-t-gdi-steuerkette-%C3%B6l-und-garantie-bei-solchen-sch%C3%A4den/,Motor G3LF; Mehrheit unauffaellig
Hyundai,BAYON,Assistenz/Elektronik,"Sensorik/Kalibrierung teils empfindlich; Start-Stopp, kabelloses Laden unzuverlaessig",1,,https://www.autobild.de/artikel/hyundai-bayon-gebrauchtwagen-test-28386763.html,fruehe Baujahre
Nissan,X-Trail,Steuerkette 1.6 dCi (R9M),Kette laengt sich oft 140.000-150.000 km (statt ~250.000); ueberspringt -> Ventile verbiegen -> Motorschaden,3,,https://motorinspektion.de/nissan-renault-r9m-1-6-dci-motor/,PSA/Renault-Motor; Kettenrasseln pruefen
Nissan,X-Trail,Oelverlust 1.6 dCi (R9M),Oelverlust an Steuerkettendeckel/Ventildeckel/Oelfiltergehaeuse; variable Oelpumpe,2,,https://motorinspektion.de/nissan-renault-r9m-1-6-dci-motor/,Instandsetzung 1700-4400 EUR
Nissan,X-Trail,CVT Xtronic,"Ruckeln/Geraeusche/Ueberhitzung; Schaeden oft 80.000-120.000 km, Lebensdauer teils <150.000 km",3,,https://www.autodoc.de/info/probleme-mit-dem-nissan-x-trail,CVT-Fluid alle ~60.000 km
Nissan,X-Trail,AGR/DPF 1.6 dCi,"AGR verrusst, DPF problematisch; bei defektem AGR-Waermetauscher Abgasgeruch im Innenraum",2,,https://motorinspektion.de/nissan-renault-r9m-1-6-dci-motor/,teils zwei AGR-Einheiten
Nissan,X-Trail,Turbolader 1.6 dCi,Wiederkehrende Turbolader-Probleme,2,,https://motorinspektion.de/nissan-renault-r9m-1-6-dci-motor/,Ladedruck bei Probefahrt pruefen
Skoda,Scala,1.0 TSI Oelverbrauch,Erhoehter Oelverbrauch bei fruehen EA211-1.0-TSI; ab Kolbenring-Revision entschaerft,1,,https://motorenlager.de/blog/vw-ea211-evo-typische-probleme/,"1.0 TSI hat Zahnriemen, keine Kette"
Skoda,Scala,1.5 TSI EVO (ACT),"Ruckeln/Kaenguru beim Anfahren, ausgepraegt in Warmlaufphase (Zylinderabschaltung); Software-Update ab 02/2020",2,,https://www.carchecker.pro/reports/skoda_scala_1.5_tsi.html,SW-Update
Skoda,Scala,DSG DQ200,"Trockenkupplungs-DSG: Kupplungsverschleiss/-rutschen, Pfeifen, Ruckeln; Mechatronik teuer",2,2700,https://carwiki.de/vw-dsg-probleme/,bis ~2700 EUR Mechatronik
Skoda,Scala,Infotainment/eCall (OCU),"Software-Fehler: eingefrorener MIB-Screen, blinkende eCall-LED, eingeschraenkte eCall-Funktion (Rueckruf 91Y8)",2,,https://www.autoservicepraxis.de/rueckrufe/artikel/skoda-rueckruf-moegliche-fehlfunktion-des-ecall-systems-2594324,OCU-Update
Honda,Jazz,Bremsen hinten,"Hintere Bremsen/Scheiben neigen zu Rost/Abnutzung, bei HU oft bemaengelt (ab ~7 J)",2,,https://www.t-online.de/mobilitaet/autos/id_100185086/honda-jazz-im-gebrauchtwagen-check-die-hu-ist-keine-grosse-sache-aber-.html,Hauptmangelpunkt
Honda,Jazz,Klimaanlage,Klimaanlage Schwachstelle; Magnetschalter-/Relaisdefekte bis Klimakompressor-Tausch,2,,https://carwiki.de/honda-jazz-probleme,GK betroffen
Honda,Jazz,Starterbatterie,Schwache Starterbatterie haeufigste Pannenursache; Bj. 2017-2020 auffaellig,2,,https://www.t-online.de/mobilitaet/autos/id_100185086/honda-jazz-im-gebrauchtwagen-check-die-hu-ist-keine-grosse-sache-aber-.html,vor Kauf pruefen
Honda,Jazz,Notbremsassistent (e:HEV),GR: Softwarefehler kann kamerabasiertes Notbremssystem nach Motorstart deaktivieren (Rueckruf),2,,https://www.kfz-betrieb.vogel.de/honda-ruft-den-jazz-wegen-problemen-mit-dem-steuergeraet-zurueck-a-db659e22df3a375fdff562047d7c6e2c/,Bj. 01/2020-02/2021
Volvo,EX30,Zentraldisplay/Software,Bug: Bildschirm bootet in Testmodus statt Tacho/Warnungen; per OTA/Werkstatt behoben (Rueckruf 13882),3,,https://tflcar.com/2024/07/2025-volvo-ex30-software-problems-report/,Update pruefen
Volvo,EX30,Infotainment/Software,"Schwarze/eingefrorene Screens, falsche Reichweite, Profile springen zurueck, ADAS teils fehlerhaft",2,,https://tflcar.com/2024/07/2025-volvo-ex30-software-problems-report/,Softwarestand entscheidend
Volvo,EX30,Bedienkonzept,"Keine Instrumente vor dem Fahrer: alles ueber zentralen 12,3-Zoll-Touchscreen (ablenkend)",2,,https://www.motor1.com/features/765979/volvo-ex30-review-opinion/,bauartbedingt
Volvo,EX30,Konnektivitaet/App,"CarPlay-Aussetzer, Bluetooth-Dropouts, unbestaendige App-Anbindung, Digital-Key",1,,https://recharged.com/articles/2025-volvo-ex30-problems,Teething-Probleme
Polestar,3,Software/OTA,"Marktstart mit vielen Software-Bugs (Infotainment/ADAS) 2024, ueber Monate per OTA nachgebessert",2,,https://insideevs.com/reviews/790694/polestar-3-tech-issues/,frueher Bj. staerker betroffen
Polestar,3,Rueckfahrkamera/Sensorik,Kamerabild erscheint teils nicht beim Rueckwaertsgang; NHTSA reoeffnete Untersuchung,2,,https://www.bnnbloomberg.ca/business/company-news/2025/07/11/polestar-evs-still-show-back-up-camera-issues-after-recalls-us-agency/,OTA-abhaengig
Polestar,3,Gewicht/Reifenverschleiss,"~2,45 t, breite 21-Zoll-Reifen (265/295) -> hoher Reifen-/Bremsenverschleiss",2,,https://de.motor1.com/reviews/764855/polestar3-basismodell-706km-reichweite-test/,Ersatzsatz teuer
Polestar,3,Ladeverhalten,400V: Peak 250 kW aber Schnitt ~132 kW von 10-80% (~34 min); Preconditioning noetig,1,,https://evkx.net/models/polestar/3/3_long_range_dual_motor/chargingcurve/,kein 800V
MG,HS,Infotainment,"10,1-Zoll-Touchscreen friert ein/reagiert traege, zufaellige Neustarts/Black Screen, Bluetooth-Abbrueche",2,,https://www.bumper.co/blog/mg-hs-reliability,Abhilfe oft nur Neustart
MG,HS,Getriebe (DCT),Doppelkupplung der Benziner-Automatik ruckelt/zoegert bei langsamer Fahrt und beim Anfahren; Dauerloesung erst per Software-Update,2,,https://www.bumper.co/blog/mg-hs-reliability,v.a. Stadtverkehr
MG,HS,ADAS,"Assistenzsysteme loesen zu viele Warnungen aus, bremsen bei Regen/Nebel teils fehlerhaft; Einstellungen nicht persistent",2,,https://driversadvice.com/mg-hs-problems/,aufdringliche Piepser
MG,HS,12V-Elektrik,"12V-Batterie entlaedt sich bei mehrtaegigem Stillstand; Startprobleme, mehrere Warnmeldungen",2,,https://www.bumper.co/blog/mg-hs-reliability,Batterie-/Lichtmaschinentausch
MG,HS,PHEV-Laden,PHEV laedt teils nicht per Kabel (verhaelt sich als sei Akku voll); oft Ladeklappen-/Steckerverriegelung,2,,https://www.speakev.com/threads/issues-with-mg-hs-phev-charging.160409/,Haendlertausch noetig
MG,HS,Ersatzteile,"Ersatzteilversorgung MG in DE problematisch: Standardimport bis ~30 Tage, Express 7-10 Werktage",2,,https://www.autohaus.de/nachrichten/werkstatt/fehlende-teile-fuer-mg-byd-co-autohelden-bietet-feste-lieferzeiten-3622045,MG/BYD/Maxus allgemein
MG,MG3,ADAS/MG Pilot,"Spurhalteassistent reagiert nervoes und zieht Richtung Gegenverkehr; adaptiver Tempomat pendelt, bremst/beschleunigt unnoetig",2,,https://www.adac.de/rund-ums-fahrzeug/autokatalog/marken-modelle/mg/mg-3/,ADAC-Test; per Menue abschaltbar
MG,MG3,Infotainment/Software,Navigation berechnet Route staendig neu; Klimasteuerung nur ueber Touchscreen; CarPlay/Android Auto nur kabelgebunden; sporadische Freezes,2,,https://www.adac.de/rund-ums-fahrzeug/autokatalog/marken-modelle/mg/mg-3/,teils per Update behebbar
MG,MG3,Hybrid-Getriebe (HT-II),"Spuerbare Zugkraftunterbrechung/Rupfen bei Gangwechseln beim Beschleunigen, leichtes Rupfen beim Anfahren; teils Meldung Transmission status abnormal",2,,https://autoricambitritella.it/en/blogs/problematiche-e-guasti-delle-vetture/mg3-hybrid-plus-dal-2024-problemi-difetti-richiami,TCU-Software-Update
MG,MG3,Antrieb/Leistung,Deutlich reduzierte Beschleunigung bei niedrigem HV-Ladezustand; an langen Steigungen verringerter Vortrieb,1,,https://www.adac.de/rund-ums-fahrzeug/autokatalog/marken-modelle/mg/mg-3/,systembedingtes Vollhybrid-Verhalten
MG,MG3,Verarbeitung,"Viel Hartplastik, an Daemmung gespart; schlecht entgratete Stellen in weniger sichtbaren Bereichen",1,,https://www.adac.de/rund-ums-fahrzeug/autokatalog/marken-modelle/mg/mg-3/,ADAC-Test
