# Recherchierte, quellenbelegte MODELLSPEZIFISCHE Defekte je UNTERMODELL/Motor/HW.
# variant = Sub-Modell (Motor/Getriebe/Hardware/Baujahr); generische Teile (Bremsen/
# Reifen/12V) kommen aus dem Seed-Template (variant='alle'). Nur km-getriebene Posten.
make,model,variant,component,at_km,interval_km,cost_eur,source_url,note
VW,Golf,1.2/1.4 TSI (EA211),Zahnriemen,210000,210000,550,https://www.autodoc.de/info/zahnriemenwechsel-beim-golf-7,EA211 wartungsarmer Zahnriemen (KEINE Problem-Kette)
VW,Golf,1.8/2.0 TSI (EA888),Steuerkette (Laengung),120000,0,1000,https://www.deine-autoreparatur.de/vw-golf-7/,nur EA888-Benziner; ab ~100-120tkm
VW,Golf,DSG DQ200,Kupplung,100000,0,1200,https://www.autodoc.de/info/dsg-kupplung-wechseln-kosten,7-Gang trocken; 80-150tkm
VW,Golf,DSG DQ200,Mechatronik,120000,0,2000,https://www.auto-motor-und-sport.de/tech-zukunft/werkstatt/warum-das-dq200-im-vw-golf-7-besondere-pflege-erfordert/,Oelwechsel alle 60tkm empfohlen
VW,Golf,alle Benziner,Wasserpumpe/Thermostat,100000,0,450,https://carwiki.de/golf-7-wasserpumpe-wechseln,Kuehlmittelverlust haeufig
VW,Golf,2.0 TDI (EA288),AGR/Kuehler,120000,0,600,https://motorenlager.de/blog/vw-ea288-2-0-tdi-probleme/,haeufigster EA288-Schwachpunkt
Skoda,Octavia,alle,Zahnriemen+Wasserpumpe,210000,210000,800,https://www.repareo.de/skoda-octavia-zahnriemenwechsel-wann/,Riemen+WaPu 655-1030 EUR
Skoda,Octavia,TSI Benziner,Wasserpumpe/Ladedruck,110000,0,450,https://www.auto-motor-und-sport.de/mittelklasse/gebrauchtwagen/schwachstellen-des-skoda-octavia-iii,ADAC-Pannenschwerpunkt
Skoda,Octavia,DSG DQ200,Mechatronik/Kupplung,100000,0,1500,https://www.autoteileprofi.de/ratgeber/der-skoda-octavia-probleme,ruckeln/Ausfall
Skoda,Octavia,2.0 TDI,AGR-Ventil,120000,0,600,https://kfz-dietrich.com/blog/skoda-octavia-3-typische-probleme/,ab ~120tkm
Skoda,Octavia,alle,Scheinwerfer Mikrorisse,100000,0,600,https://gebrauchtwagenberater.de/skoda-octavia-schwachstellen/,haeufige HU-Beanstandung
Seat,Leon,1.2/1.4 TSI (EA211),Zahnriemen,210000,210000,550,https://www.autobild.de/artikel/seat-cupra-leon-im-tuev-check-2026--28090849.html,EA211 wartungsarm
Seat,Leon,1.8 TSI (EA888),Steuerkette,100000,0,1100,https://automobilsalon-bellemann.de/news/seat-leon-gebraucht-schwachstellen-steuerkette/,nur EA888
Seat,Leon,DSG,Kupplung,100000,0,1300,https://www.autobild.de/artikel/seat-cupra-leon-im-tuev-check-2026--28090849.html,Oelwechsel-Doku wichtig
Seat,Leon,alle,Scheinwerfer Mikrorisse,100000,0,700,https://www.autobild.de/artikel/seat-cupra-leon-im-tuev-check-2026--28090849.html,laut TUEV haeufig
Audi,A3,1.8 TFSI (EA888 Gen2/3),Steuerkette (Laengung),100000,0,1000,https://motorenlager.de/blog/audi-1-8-tfsi-probleme/,ab ~100tkm; Kaltstart-Rasseln
Audi,A3,1.8/2.0 TFSI Gen2,Oelverbrauch Kolbenringe,100000,0,2200,https://techservicecenter.de/oelverbrauch-audi-a3/,>0.5l/1000km; Kolbenwechsel
Audi,A3,TFSI Benziner,Hochdruckpumpe (HPFP),120000,0,550,https://motorenlager.de/blog/audi-1-8-tfsi-probleme/,350-700 EUR
Audi,A3,DSG,Kupplung,120000,0,1400,https://automobilsalon-bellemann.de/news/dsg-reparatur-mechatronik-kupplung-kosten/,je nach Getriebe
VW,ID.3 Pro,alle,12V/DC-DC-Wandler,30000,0,300,https://www.autodoc.de/info/probleme-mit-dem-vw-id3,Ruhestrom-Bug; oft Kulanz
VW,ID.3 Pro,mit Waermepumpe,Waermepumpe/Klimakompressor,50000,0,1500,https://carwiki.de/vw-id-3-klimaanlage-defekt/,fruehe Ausfaelle; oft Kulanz
VW,ID.3 Pro S,alle,12V/DC-DC-Wandler,30000,0,300,https://www.autodoc.de/info/probleme-mit-dem-vw-id3,Ruhestrom-Bug; oft Kulanz
VW,ID.3 Pro S,mit Waermepumpe,Waermepumpe/Klimakompressor,50000,0,1500,https://carwiki.de/vw-id-3-klimaanlage-defekt/,fruehe Ausfaelle; oft Kulanz
Toyota,Corolla,Hybrid,Hochvoltbatterie (Modul),160000,0,1779,https://www.heise.de/news/Bosch-bietet-Reparaturkit-fuer-Toyota-Batterien-an-9344045.html,Bosch-Kit 1779 netto; haelt oft Autoleben
Toyota,Auris,Hybrid,Hochvoltbatterie,150000,0,1779,https://www.heise.de/news/Bosch-bietet-Reparaturkit-fuer-Toyota-Batterien-an-9344045.html,meist nur einzelne Module defekt
Toyota,Auris,1.2 Turbo (bis 2018),Zuendspulen,100000,0,400,https://gebrauchtwagenberater.de/toyota-auris-probleme-krankheiten/,Serienfehler
Mazda,3,alle,Rost Unterboden/Auspuff,60000,0,600,https://www.autobild.de/artikel/mazda3-typ-bm-gebrauchtwagen-test-17118289.html,Rost schon nach ~4 Jahren
Mazda,3,alle,Federn/Daempfer,60000,0,500,https://www.autobild.de/artikel/mazda3-typ-bm-gebrauchtwagen-test-17118289.html,oft schon bei 2. HU
Hyundai,i30,1.4/1.6 Benziner,Steuerkette (Defekt)+Wasserpumpe,120000,0,700,https://www.hyundaiboard.de/thread/25065-arbeitszeit-kosten-steuerkettentausch-i30/,einzelne Ketten-Probleme
Hyundai,i30,1.4 T-GDI 7-DCT,Doppelkupplung,100000,0,1200,https://gebrauchtwagenberater.de/hyundai-i30-probleme-krankheiten/,ruckelt; verschleissfreudig
Hyundai,i30,alle,Radaufhaengung/Fahrwerk,90000,0,300,https://www.autobild.de/artikel/hyundai-i30-gebraucht-schwachstellen-28133241.html,haeufig TUEV-bemaengelt
Kia,Ceed,7-DCT,Doppelkupplung,110000,0,1200,https://gebrauchtwagenberater.de/kia-ceed-schwachstellen/,vorzeitiger Kupplungsverschleiss
Kia,Ceed,alle,Auspuffanlage,90000,0,500,https://www.autobild.de/artikel/kia-ceed-im-tuev-check-2026-28259965.html,faellt negativ auf
Honda,Civic,1.5 VTEC Turbo,Oelverduennung,80000,0,300,https://www.motor-talk.de/forum/honda-civic-1-5-liter-turbo-t7290180.html,Kraftstoff im Oel; Kaltklima
Honda,Civic,CVT-Automatik,CVT ruckeln/Tausch,70000,0,1500,https://www.autodoc.de/info/probleme-mit-dem-honda-civic,ruckelt/Geraeusche 60-80tkm
BMW,3er,N47 Diesel (318d/320d),Steuerkette,120000,0,1540,https://es-autoservice-ffm.de/2019/05/04/steuerkette-wechseln-n47-motor-bmw/,beruechtigt; Festpreis 1540 inkl MwSt
BMW,3er,N20 Benziner (320i/328i),Steuerkette+Spanner,80000,0,2250,https://motorschmiede.com/bmw-steuerkette-wechseln-kosten/,Spanner verschleisst frueh
BMW,3er,N20 Benziner,Oelverbrauch Kolbenringe,100000,0,3000,https://motorenlager.de/blog/bmw-n20-motor-steuerkette-oelverbrauch/,0.5-1 l/1000km
BMW,3er,alle,Querlenker Vorderachse,100000,0,300,https://www.repareo.de/querlenker-bmw/,typ. Fahrwerksverschleiss
Opel,Astra,1.4 Turbo,Steuerkette (Laengung),100000,0,1200,https://caroobi.com/service/steuerkette-wechseln/opel/,teils <100tkm
Opel,Astra,alle,Thermostat/Wasserpumpe,100000,0,400,https://www.autodoc.de/info/opel-astra-k-probleme,el. Thermostat Schwachstelle
Opel,Astra,1.0/1.4 Turbo,Zuendspulen+Kerzen,80000,80000,250,https://www.autodoc.de/info/opel-astra-k-probleme,Wiederholverschleiss
Peugeot,308,1.2 PureTech,Zahnriemen im Oel (Nasslauf),100000,100000,550,https://www.repareo.de/zahnriemenwechsel-peugeot-308/,beruechtigt; spaetestens 100tkm/6J
Peugeot,308,1.2 PureTech (GTi),Turbolader,120000,0,2500,https://carsearchagent.com/blog/psa-stellantis-1-2-puretech-motor-zahnriemen/,oft Folge Oelmangel
Renault,Megane,1.2/1.3 TCe Benziner,Steuerkette (Laengung),120000,0,1000,https://carwiki.de/renault-megane-probleme,TCe-Ketten laengen sich
Renault,Megane,1.5 dCi Diesel,Zahnriemen,150000,150000,600,https://www.repareo.de/zahnriemenwechsel-renault-megane/,Intervall 150tkm/6J
Ford,Focus,1.0 EcoBoost,Zylinderkopf/Kuehlmittelverlust,80000,0,1100,https://www.autodoc.de/s/ford-focus-1-0-ecoboost-zylinderkopfdichtung,beruechtigt; schleichend
Ford,Focus,1.0 EcoBoost,Zahnriemen im Oel (Nasslauf),100000,100000,1300,https://autohaus-lev.de/leistungen/ford-1-liter-ecoboost-motor-zahnriemenwechsel/,Festpreis 1300 inkl
Ford,Focus,1.6 Powershift (DPS6),Doppelkupplung,80000,0,1500,https://caroobi.com/service/kupplung-wechseln/ford/,beruechtigt; Ruckeln Stadt
Ford,Focus,Powershift (DPS6),Getriebesteuergeraet TCM,80000,0,1000,https://blog.upfix.com/ford-tcm-repair-for-dps6-transmission-problems,Fertigungsfehler -> Limp-Mode
Tesla,Model 3,alle (v.a. 2019-2021),Vordere Querlenker/Buchsen,40000,0,540,https://www.juers-lackiererei.de/blog/neu-tesla-querlenker-buchsen-wechseln/,beruechtigt; Symptome oft 30-50tkm
Tesla,Model 3,alle,Querlenker komplett+Vermessung,90000,0,1300,https://hh-autos.com/tesla-model-3-mangel-131-tuv-quote/,1000-1600 EUR/Achse
Tesla,Model 3,ab 2021 (Octovalve),Waermepumpe/Supermanifold,60000,0,3600,https://carwiki.de/tesla-model-3-klimaanlage-defekt/,heizt nicht im Winter
Tesla,Model 3,2019-2020 (MCU2/HW2.5),MCU eMMC-Speicher,120000,0,300,https://teslawissen.ch/tesla-emmc-speicherchip-probleme/,fruehe Baujahre; Tegra-Board
Hyundai,Ioniq 5,E-GMP alle,Reifen HA hoher Sturz,20000,25000,400,https://www.ioniqforum.com/threads/camber-suspension.51199/,Sturz bis -3.3 Grad HA
Hyundai,Kona Elektro,alle,Klimakompressor/Kaeltemittel,80000,0,800,https://carwiki.de/hyundai-kona-klimaanlage-defekt/,Kompressortausch
Renault,Zoe,mit Waermepumpe,Waermepumpe/Heizung,25000,0,1500,https://carwiki.de/renault-zoe-klimaanlage-defekt/,faellt bei Kaelte aus
Renault,Zoe,alle,Antriebseinheit Lagerdefekt,100000,0,1500,https://www.elektroauto.community/blogs/entry/302-renault-zoe-motorschaden/,Lagerreparatur frei
Cupra,Born,alle,Klimaanlage Kuehlleistung,40000,0,500,https://carwiki.de/cupra-born-probleme/,grob; junges Modell
Polestar,2,alle,Klimakompressor,80000,0,650,https://carwiki.de/polestar-2-klimaanlage-defekt/,Kompressor/Kondensator
VW,Polo,1.2/1.4 TSI (EA111),Steuerkette,120000,120000,700,https://gebrauchtwagenberater.de/probleme-beim-tsi/,Sichtpruefung ab 120-150.000 km
VW,Polo,1.4/1.6 TDI (EA189),Zahnriemen,180000,180000,840,https://www.repareo.de/zahnriemenwechsel-vw-polo/,Wechsel ab ~840 EUR
VW,Polo,1.4 TDI (aeltere 6N),Zahnriemen,90000,90000,630,https://www.fairgarage.com/de-de/zahnriemenwechsel-vw-polo,60-90.000 km je Bj.
VW,Polo,DSG DQ200,Kupplung,120000,120000,2000,https://carwiki.de/vw-polo-probleme,Trockenkupplung
Mini,Cooper,1.6 (N14 Turbo),Steuerkette,120000,150000,1090,https://motorschmiede.com/mini-steuerkette-wechseln-service-kosten-und-preise-fuer-alle-modelle/,Schaeden ab ~120.000 km
Mini,Cooper,1.6 (N18 Turbo),Steuerkette,120000,150000,1090,https://motorschmiede.com/mini-steuerkette-wechseln-service-kosten-und-preise-fuer-alle-modelle/,Facelift-Motor
Mini,Cooper,1.6 (N12 Sauger),Steuerkette,120000,150000,1090,https://motorschmiede.com/mini-steuerkette-wechseln-service-kosten-und-preise-fuer-alle-modelle/,
Mini,Cooper,2.0 Diesel (N47),Steuerkette,120000,150000,1790,https://gebrauchtwagenberater.de/mini-r56-r57-probleme/,besser ab Ende 2013
Fiat,500,1.2 8V FIRE,Steuerkette,100000,150000,815,https://kfz-dietrich.com/blog/fiat-500-typische-probleme-stellantis-diagnose/,Rasseln ab 100.000 km
Fiat,500,0.9 TwinAir,Steuerkette,100000,150000,815,https://www.autodoc.de/s/fiat-500-zahnriemen-oder-steuerkette,Rasseln = Warnsignal
Fiat,500,0.9 TwinAir,MultiAir-Oelservice,15000,15000,400,https://kfz-dietrich.com/blog/fiat-500-typische-probleme-stellantis-diagnose/,"nur Selenia, max. 15.000 km"
Audi,A6,3.0 TDI,Zahnriemen HD-Pumpe,120000,120000,1200,https://www.repareo.de/zahnriemenwechsel-audi-a6/,separater Riemen HD-Pumpe
Audi,A6,2.0 TDI,Zahnriemen,210000,210000,1200,https://www.repareo.de/zahnriemenwechsel-audi-a6/,inkl. Wasserpumpe
Audi,A6,2.0 TFSI,Steuerkette,150000,150000,2500,https://www.fairgarage.com/de-de/audi-steuerkette-wechseln-kosten,"kein festes Intervall, bei Rasseln"
Audi,A6,3.0 TFSI,Steuerkette,150000,150000,2500,https://www.fairgarage.com/de-de/audi-steuerkette-wechseln-kosten,
Ford,Fiesta,1.0 EcoBoost,Zahnriemen (Nassriemen),100000,100000,900,https://www.isteshaltbar.de/frage-und-antwort/wann-zahnriemenwechsel-ford-fiesta-1-0-ecoboost,"Ford-Spec 240.000 km, Experten deutlich frueher (~100.000)"
Ford,Fiesta,1.25/1.4/1.6 Ti-VCT,Zahnriemen,160000,160000,700,https://carwiki.de/zahnriemenwechsel-ford-fiesta,160.000 km/8 J
Ford,Fiesta,1.5/1.6 TDCi,Zahnriemen,160000,160000,750,https://carwiki.de/zahnriemenwechsel-ford-fiesta,
Ford,Fiesta,Powershift DPS6,Kupplung,120000,120000,1800,https://carwiki.de/ford-getriebe-probleme,thermische Ueberlastung
Hyundai,i20,1.0 T-GDI,Steuerkette,50000,150000,900,https://www.hyundaiboard.de/thread/29520-typ-gb-1-0-t-gdi-steuerkette-rasselt/,Spanner-Verschleiss oft ab 40-60 Tkm
Hyundai,i20,1.2/1.4 Benziner,Steuerkette,120000,180000,850,https://carwiki.de/hyundai-i20-probleme,Rasseln 60-120 Tkm
Nissan,Micra,1.2 CR12,Steuerkette,150000,150000,1300,https://gebrauchtwagenberater.de/nissan-micra-probleme/,K12 vor Facelift 2005 Laengung
Nissan,Micra,1.5 dCi K9K,Zahnriemen,120000,120000,650,https://www.repareo.de/zahnriemenwechsel-nissan-micra/,inkl. Wasserpumpe
Seat,Arona,1.6 TDI,Zahnriemen,210000,210000,600,https://www.repareo.de/inspektion-seat-arona/,210.000 km
Seat,Ibiza,1.2 TSI,Steuerkette,120000,120000,1500,https://www.autodoc.de/s/seat-ibiza-1-2-steuerkette-wechseln-kosten,800-2500 EUR
Seat,Ibiza,1.0 TSI,Zahnriemen,90000,90000,700,https://www.repareo.de/zahnriemenwechsel-seat-ibiza/,EA211 evo Zahnriemen
Seat,Ibiza,1.6 TDI,Zahnriemen,210000,210000,700,https://www.repareo.de/zahnriemenwechsel-seat-ibiza/,
Seat,Ibiza,1.4 TDI,Zahnriemen,210000,210000,700,https://www.repareo.de/zahnriemenwechsel-seat-ibiza/,
Seat,Ibiza,1.4 TSI,Steuerkette,120000,120000,1400,https://carwiki.de/seat-ibiza-probleme,EA111
Suzuki,Swift,1.3 DDiS Diesel,Zahnriemen,90000,90000,420,https://www.repareo.de/zahnriemenwechsel-suzuki-swift/,90.000 km/5 J
Suzuki,Swift,Benziner 1.2/1.6,Steuerkette,150000,150000,900,https://carwiki.de/suzuki-swift-zahnriemen-oder-steuerkette,"wartungsfrei, bei Laengung"
